user_id,name,lastName,email,gender,age
1,Mitchell,Vidyapin,mvidyapin0@ft.com,Male,31
2,Guenevere,Fishbie,gfishbie1@youtu.be,Female,65
3,Annabel,Strangman,astrangman2@nyu.edu,Female,36
4,Andrew,De Pero,adepero3@tamu.edu,Male,60
5,Gabi,Timbrell,gtimbrell4@ifeng.com,Female,26
6,Anallise,Jaume,ajaume5@skype.com,Female,70
7,Audrye,Whickman,awhickman6@purevolume.com,Female,23
8,Humphrey,Rudland,hrudland7@illinois.edu,Male,45
9,Janey,Every,jevery8@blogspot.com,Female,75
10,Arin,Brassill,abrassill9@nps.gov,Male,41
11,Geri,Jeckell,gjeckella@nyu.edu,Female,27
12,Joseph,Cockrem,jcockremb@amazon.com,Male,66
13,Nancie,Plain,nplainc@live.com,Female,16
14,Kele,Westerman,kwestermand@angelfire.com,Male,19
15,Barnabe,Giacoppo,bgiacoppoe@who.int,Male,61
16,Vinita,Heam,vheamf@japanpost.jp,Female,58
17,Chandra,Racine,cracineg@alexa.com,Female,71
18,Malory,Broadstock,mbroadstockh@blogger.com,Female,58
19,Langsdon,Dundridge,ldundridgei@stanford.edu,Male,27
20,Janot,Neve,jnevej@opensource.org,Female,58
21,Margarette,Defau,mdefauk@blogtalkradio.com,Female,61
22,Margarethe,Capnerhurst,mcapnerhurstl@netvibes.com,Female,18
23,Shea,Moyers,smoyersm@scribd.com,Female,58
24,Mariele,Stanmore,mstanmoren@tripod.com,Female,77
25,Aubrie,Fairhead,afairheado@comcast.net,Female,20
26,Kirbee,Calabry,kcalabryp@goo.ne.jp,Female,55
27,Kikelia,Cadell,kcadellq@scribd.com,Female,79
28,Natalya,Wakelam,nwakelamr@hibu.com,Female,44
29,Michael,Charter,mcharters@ameblo.jp,Male,47
30,Ursola,Kepe,ukepet@marriott.com,Female,35
31,Alford,Phil,aphilu@altervista.org,Male,46
32,Ingaberg,Gaymer,igaymerv@twitpic.com,Female,51
33,Ulberto,Downing,udowningw@networksolutions.com,Male,34
34,Shirlene,Suckling,ssucklingx@weebly.com,Female,57
35,Chane,Hek,cheky@purevolume.com,Male,72
36,Milly,Nolte,mnoltez@issuu.com,Female,58
37,Catrina,Woolf,cwoolf10@oaic.gov.au,Female,27
38,Gwendolen,Cordero,gcordero11@cisco.com,Female,26
39,Orella,Beche,obeche12@plala.or.jp,Female,19
40,Rupert,Giovannazzi,rgiovannazzi13@bloglovin.com,Male,59
41,Gusella,Tweedie,gtweedie14@mapy.cz,Female,73
42,Cinda,Alloway,calloway15@princeton.edu,Female,67
43,Annadiana,Hopfer,ahopfer16@epa.gov,Female,34
44,Logan,Tuck,ltuck17@taobao.com,Male,29
45,Zach,Flannigan,zflannigan18@oaic.gov.au,Male,33
46,Burk,Farbrace,bfarbrace19@msu.edu,Male,46
47,Ronnie,Darrow,rdarrow1a@usgs.gov,Female,46
48,Fielding,Staynes,fstaynes1b@amazon.com,Male,74
49,Gayle,Leeder,gleeder1c@blogtalkradio.com,Female,51
50,Jules,Josefer,jjosefer1d@digg.com,Male,62
51,Tabbie,Rodger,trodger1e@tripod.com,Male,45
52,Carleton,Enders,cenders1f@tinyurl.com,Male,25
53,Augy,Scotter,ascotter1g@themeforest.net,Male,61
54,Hayyim,Danielot,hdanielot1h@thetimes.co.uk,Male,17
55,Marleen,McGettrick,mmcgettrick1i@drupal.org,Female,73
56,Savina,Hawkes,shawkes1j@google.ca,Female,17
57,Timmie,Ramsell,tramsell1k@independent.co.uk,Male,50
58,Any,Andresser,aandresser1l@tinypic.com,Male,20
59,Nanice,Kolin,nkolin1m@unicef.org,Female,27
60,Ludwig,Bilbie,lbilbie1n@cloudflare.com,Male,59
61,Monti,Fryman,mfryman1o@europa.eu,Male,26
62,Ramsey,Hanbridge,rhanbridge1p@hp.com,Male,30
63,Homerus,Eales,heales1q@dedecms.com,Male,16
64,Devlen,Gerrans,dgerrans1r@rambler.ru,Male,41
65,Thaine,Braunds,tbraunds1s@chronoengine.com,Male,25
66,Ralina,Tick,rtick1t@yolasite.com,Female,55
67,Almire,Brooksby,abrooksby1u@wordpress.org,Female,75
68,Mallory,Georgescu,mgeorgescu1v@wp.com,Female,26
69,Mag,Rushworth,mrushworth1w@flavors.me,Female,38
70,Carlie,Fannon,cfannon1x@unblog.fr,Female,30
71,Nicky,Ellick,nellick1y@japanpost.jp,Female,63
72,Vincent,Trevino,vtrevino1z@netlog.com,Male,68
73,Kanya,Villa,kvilla20@va.gov,Female,66
74,Stevie,Adamson,sadamson21@feedburner.com,Male,79
75,Tony,Niven,tniven22@macromedia.com,Male,51
76,Klement,Brymner,kbrymner23@howstuffworks.com,Male,27
77,Jolie,Yurkin,jyurkin24@samsung.com,Female,42
78,Malvin,Baudet,mbaudet25@epa.gov,Male,47
79,Murray,Wyrill,mwyrill26@networksolutions.com,Male,70
80,Rosetta,MacGarrity,rmacgarrity27@google.fr,Female,59
81,Sofia,Sabattier,ssabattier28@blogs.com,Female,31
82,Dulciana,Norris,dnorris29@delicious.com,Female,61
83,Clement,Loney,cloney2a@free.fr,Male,76
84,Farah,Howen,fhowen2b@wp.com,Female,78
85,Michelina,Parks,mparks2c@timesonline.co.uk,Female,80
86,Deborah,Mattosoff,dmattosoff2d@berkeley.edu,Female,73
87,Dalenna,Vinnicombe,dvinnicombe2e@mapy.cz,Female,35
88,Lezley,Winterton,lwinterton2f@plala.or.jp,Male,56
89,Russ,Dowdam,rdowdam2g@linkedin.com,Male,70
90,Fraze,Nortcliffe,fnortcliffe2h@stanford.edu,Male,32
91,Dana,Durtnall,ddurtnall2i@is.gd,Male,17
92,Delmar,Lambal,dlambal2j@addthis.com,Male,58
93,Rob,Kevlin,rkevlin2k@about.com,Male,63
94,Petronille,Gidley,pgidley2l@narod.ru,Female,63
95,Morganica,Stollery,mstollery2m@amazon.co.jp,Female,18
96,Tiffi,Besemer,tbesemer2n@github.io,Female,24
97,Tucker,Roubottom,troubottom2o@nps.gov,Male,27
98,Heddi,Kinzett,hkinzett2p@seattletimes.com,Female,24
99,Innis,Haselgrove,ihaselgrove2q@google.nl,Male,36
100,Kiley,Woolliams,kwoolliams2r@4shared.com,Female,22